{
  "multiclass": {
    "accuracy": 0.999978,
    "cohen_kappa": 0.8674603654079169,
    "precision_weighted": 0.9999807953667954,
    "recall_weighted": 0.999978,
    "f1_weighted": 0.9999791889859869,
    "per_class": [
      {
        "Class": "Dry",
        "Precision": 1.0,
        "Recall": 0.9999899992199391,
        "F1-Score": 0.9999949995849655,
        "Support": 499961
      },
      {
        "Class": "Low Risk",
        "Precision": 0.14285714285714285,
        "Recall": 0.16666666666666666,
        "F1-Score": 0.15384615384615385,
        "Support": 6
      },
      {
        "Class": "Moderate",
        "Precision": 0.8648648648648649,
        "Recall": 0.9696969696969697,
        "F1-Score": 0.9142857142857143,
        "Support": 33
      }
    ]
  },
  "regression": {
    "mae_meters": 8.890307071851566e-05,
    "mae_cm": 0.008890307508409023,
    "rmse_meters": 0.00949430838227272,
    "r2_score": 0.8690811991691589
  },
  "binary": {
    "accuracy": 0.99992,
    "precision": 0.4936708860759494,
    "recall": 1.0,
    "f1_score": 0.6610169491525424
  }
}